frame_num,track_id,xmin,ymin,xmax,ymax
1,6,946,322,998,496
2,6,948,311,1000,495
3,6,949,305,1001,495
4,6,949,303,1001,495
5,6,949,302,1001,495
6,6,949,302,1001,495
7,6,949,302,1001,495
8,6,949,303,1001,495
9,6,949,303,1001,495
10,6,949,304,1001,495
11,6,949,304,1001,495
12,6,949,304,1001,495
13,6,949,305,1001,495
14,6,949,305,1001,495
15,6,949,306,1001,495
16,6,949,307,1001,495
17,6,948,306,1001,495
18,6,947,306,1001,495
19,6,946,306,1001,495
20,6,944,307,1002,495
21,6,942,311,1005,495
22,6,940,315,1006,495
23,6,939,317,1007,495
24,6,939,319,1010,496
25,6,938,321,1008,496
26,6,940,322,1008,495
27,6,941,323,1007,495
28,6,943,324,1005,495
29,6,944,324,1003,495
30,6,945,324,1002,495
31,6,948,323,1001,495
32,6,950,324,1001,494
33,6,952,324,1001,494
34,6,954,324,1001,496
35,6,955,323,1002,495
36,6,957,322,1003,494
37,6,958,322,1003,494
38,6,958,322,1004,494
39,6,958,322,1004,493
40,6,959,324,1006,494
41,6,958,325,1008,495
42,6,959,325,1010,494
43,6,961,327,1012,494
44,6,969,326,1017,494
45,6,974,325,1020,495
46,6,976,324,1022,496
47,6,976,324,1024,496
48,6,979,323,1028,495
49,6,980,324,1034,495
50,6,980,324,1040,495
51,6,982,325,1045,495
52,6,983,327,1053,497
53,6,983,327,1057,499
54,6,982,330,1057,500
55,6,983,329,1057,500
56,6,983,328,1055,500
57,6,984,328,1055,500
58,6,984,328,1055,501
59,6,986,327,1055,501
60,6,993,327,1057,501
61,6,998,328,1059,501
62,6,1001,328,1062,501
63,6,1008,328,1065,501
64,6,1015,328,1069,500
65,6,1019,327,1073,501
66,6,1023,326,1078,502
67,6,1024,326,1083,502
68,6,1027,327,1087,503
69,6,1030,327,1093,503
70,6,1031,328,1095,504
71,6,1030,328,1098,506
72,6,1030,330,1100,507
73,6,1031,331,1103,509
74,6,1031,330,1104,509
75,6,1033,329,1104,508
76,6,1037,328,1104,508
77,6,1040,328,1105,507
78,6,1042,328,1106,505
79,6,1043,328,1107,507
80,6,1046,327,1108,511
81,6,1047,327,1109,513
82,6,1047,327,1111,515
83,6,1045,326,1113,516
84,6,1036,326,1119,517
85,6,1036,326,1121,516
86,6,1040,326,1125,518
87,6,1030,326,1129,518
88,6,1023,327,1133,520
89,6,1038,327,1134,523
90,6,1033,327,1138,523
91,6,1033,327,1138,523
92,6,1035,329,1141,523
93,6,1038,328,1143,524
94,6,1048,330,1147,526
95,6,1055,331,1148,527
96,6,1065,332,1149,526
97,6,1072,332,1149,524
98,6,1076,332,1149,524
99,6,1077,332,1150,526
100,6,1079,333,1151,528
101,6,1079,333,1151,530
102,6,1081,333,1150,531
103,6,1081,333,1151,532
104,6,1084,335,1153,532
105,6,1085,335,1153,532
106,6,1086,335,1155,531
107,6,1086,336,1155,531
108,6,1087,337,1158,531
109,6,1087,337,1162,532
110,6,1089,337,1164,532
111,6,1089,337,1167,534
112,6,1090,336,1170,537
113,6,1091,336,1172,540
114,6,1091,335,1177,541
115,6,1091,335,1181,541
116,6,1092,336,1176,542
117,6,1093,336,1176,543
118,6,1095,336,1174,543
119,6,1095,336,1172,544
120,6,1096,337,1170,548
121,6,1097,337,1168,549
122,6,1098,337,1167,551
123,6,1098,338,1168,553
124,6,1099,339,1171,555
125,6,1099,338,1174,556
126,6,1099,337,1176,557
127,6,1099,338,1179,557
128,6,1100,338,1184,559
129,6,1100,338,1187,559
130,6,1101,338,1192,559
131,6,1100,338,1192,558
132,6,1100,338,1191,560
133,6,1100,338,1191,561
134,6,1099,339,1193,562
135,6,1099,339,1199,565
136,6,1100,338,1197,568
137,6,1102,339,1193,571
138,6,1103,342,1187,572
139,6,1103,343,1184,574
140,6,1105,344,1181,576
141,6,1105,342,1179,580
142,6,1105,341,1178,580
143,6,1105,340,1177,579
144,6,1103,340,1178,579
145,6,1101,340,1179,579
146,6,1100,340,1178,577
147,6,1099,340,1178,578
148,6,1095,341,1177,579
149,6,1092,341,1178,580
150,6,1089,341,1179,581
151,6,1087,341,1181,583
152,6,1085,341,1186,586
153,6,1082,341,1191,588
154,6,1080,341,1194,592
155,6,1080,341,1196,593
156,6,1080,342,1196,594
157,6,1081,342,1196,595
158,6,1081,343,1196,597
159,6,1082,344,1192,599
160,6,1084,345,1188,602
161,6,1086,344,1186,604
162,6,1087,345,1185,604
163,6,1089,345,1184,603
164,6,1090,345,1182,602
165,6,1091,344,1179,600
166,6,1091,344,1177,600
167,6,1091,344,1175,600
168,6,1088,344,1172,602
169,6,1085,345,1170,604
170,6,1083,346,1167,604
171,6,1076,346,1164,605
172,6,1070,345,1161,607
173,6,1065,345,1158,608
174,6,1065,345,1156,609
174,10,812,324,854,439
175,6,1064,346,1155,609
175,10,812,327,856,440
176,6,1065,347,1154,611
176,10,817,326,859,443
177,6,1066,347,1152,612
177,10,819,325,861,447
178,6,1067,346,1150,612
178,10,821,324,862,446
179,6,1069,346,1147,612
179,10,822,325,863,449
180,6,1070,346,1145,612
180,10,824,325,867,451
181,6,1068,346,1141,613
181,10,826,323,869,452
182,6,1066,346,1137,613
182,10,828,324,871,452
183,6,1065,347,1134,614
183,10,830,323,873,451
184,6,1061,347,1130,614
184,10,832,323,875,451
185,6,1059,347,1129,615
185,10,833,324,876,451
186,6,1055,348,1128,617
186,10,838,323,877,450
187,6,1054,348,1126,620
187,10,840,323,879,447
188,6,1053,349,1122,625
188,10,841,323,881,449
189,6,1049,349,1119,628
189,10,842,323,882,451
190,6,1045,348,1116,631
190,10,842,325,883,451
191,6,1043,348,1114,630
191,10,841,326,887,450
192,6,1038,348,1112,630
192,10,842,324,891,453
193,6,1040,353,1109,633
193,10,842,322,894,454
194,6,1041,353,1108,635
194,10,844,323,897,453
195,6,1042,354,1106,633
195,10,849,322,900,454
196,6,1041,350,1105,627
196,10,851,323,903,454
197,6,1040,348,1103,626
197,10,853,324,905,454
198,6,1039,348,1102,628
198,10,853,323,907,454
199,6,1035,349,1101,631
199,10,857,323,909,455
200,6,1031,349,1100,632
200,10,859,323,911,455
201,6,1028,349,1098,633
201,10,861,323,912,455
202,6,1026,350,1095,634
202,10,863,324,912,456
203,6,1019,348,1090,634
203,10,867,325,913,455
204,6,1015,348,1087,633
204,10,870,325,914,455
205,6,1009,347,1086,633
205,10,872,325,915,455
206,6,1006,348,1084,634
206,10,875,324,916,455
207,6,996,351,1082,634
207,10,877,324,918,455
208,6,987,353,1080,634
208,10,878,322,920,456
209,6,976,354,1078,634
209,10,879,321,921,457
210,6,968,352,1076,636
210,10,880,322,922,457
211,6,960,352,1074,637
211,10,880,322,922,457
212,6,956,351,1073,638
212,10,882,324,924,456
213,6,955,352,1072,638
213,10,882,324,925,456
214,6,953,353,1071,638
214,10,883,323,927,456
215,6,954,353,1072,638
215,10,886,323,930,455
216,6,955,352,1073,638
216,10,885,324,934,455
217,6,956,354,1071,637
217,10,886,322,935,457
218,6,957,354,1068,636
218,10,886,322,936,458
219,6,958,357,1063,635
219,10,886,323,937,460
220,6,957,357,1056,635
220,10,886,322,938,463
221,6,957,356,1050,635
221,10,887,322,939,462
222,6,957,355,1041,636
222,10,888,322,940,461
223,6,952,353,1028,639
223,10,890,322,939,460
224,6,948,352,1018,643
224,10,892,324,939,461
225,6,945,352,1014,645
225,10,894,324,941,462
226,6,940,352,1011,644
226,10,896,324,941,463
227,6,919,353,1008,641
227,10,899,325,944,462
228,6,904,353,1005,639
228,10,901,325,947,462
229,6,894,352,1004,638
229,10,903,325,950,461
230,6,885,354,1002,638
230,10,906,324,949,448
231,6,880,355,1000,636
231,10,909,323,959,431
232,6,878,350,998,636
232,10,911,324,959,418
233,6,879,348,998,636
233,10,911,326,962,414
234,6,879,347,999,635
234,10,912,328,961,410
235,6,878,342,1001,636
235,10,,,,
236,6,878,345,999,635
236,10,,,,
237,6,878,347,997,634
237,10,,,,
238,6,879,350,994,634
238,10,,,,
239,6,879,351,985,632
239,10,,,,
240,6,878,352,979,631
240,10,,,,
241,6,876,351,972,629
241,10,,,,
242,6,872,351,963,629
242,10,931,323,973,442
243,6,863,350,950,630
243,10,929,324,975,451
244,6,856,348,942,630
244,10,929,323,975,460
245,6,851,348,940,630
245,10,930,325,975,459
246,6,848,348,936,629
246,10,931,325,977,463
247,6,843,349,934,626
247,10,931,324,980,465
248,6,841,349,930,627
248,10,933,324,980,465
249,6,840,348,929,628
249,10,933,323,982,466
250,6,839,348,928,629
250,10,934,323,982,468
251,6,837,350,925,629
251,10,932,323,983,470
252,6,835,350,924,627
252,10,933,324,986,471
253,6,833,351,923,627
253,10,931,325,987,473
254,6,831,352,923,627
254,10,932,325,989,473
255,6,827,351,921,628
255,10,935,324,991,473
256,6,825,350,920,628
256,10,937,325,992,471
257,6,821,349,918,625
257,10,938,322,990,471
258,6,816,348,914,624
258,10,939,318,990,470
259,6,808,347,903,621
259,10,941,322,994,470
260,6,804,347,897,617
260,10,942,323,995,471
261,6,801,347,893,615
261,10,944,324,996,471
262,6,798,348,890,616
262,10,946,323,997,470
263,6,795,347,888,614
263,10,945,322,997,467
264,6,793,346,886,613
264,10,945,322,998,466
265,6,792,346,885,612
265,10,947,323,999,467
266,6,793,346,883,612
266,10,947,324,999,469
267,6,792,345,882,611
267,10,950,323,1000,471
268,6,792,345,881,611
268,10,951,323,1001,473
269,6,792,345,879,610
269,10,949,322,1002,473
270,6,794,345,877,609
270,10,952,322,1002,474
271,6,790,345,876,606
271,10,953,324,1004,474
272,6,789,345,875,605
272,10,954,323,1004,474
273,6,788,346,874,604
273,10,953,323,1004,475
274,6,787,345,872,606
274,10,954,324,1004,475
275,6,783,345,870,604
275,10,953,324,1005,476
276,6,782,345,868,603
276,10,953,323,1005,477
277,6,779,344,867,599
277,10,953,323,1006,476
278,6,779,345,866,596
278,10,954,324,1006,476
279,6,778,344,864,595
279,10,955,325,1006,476
280,6,778,344,863,593
280,10,956,326,1005,476
281,6,778,344,862,593
281,10,956,326,1006,476
282,6,776,344,861,595
282,10,956,326,1006,476
283,6,774,344,859,595
283,10,956,326,1006,476
284,6,774,344,857,595
284,10,956,325,1006,476
285,6,776,344,856,595
285,10,956,325,1006,476
286,6,777,345,855,594
286,10,955,324,1007,476
287,6,779,345,856,594
287,10,955,325,1005,476
288,6,780,346,856,594
288,10,955,327,1005,475
289,6,781,345,857,594
289,10,955,328,1004,475
290,6,781,344,857,593
290,10,955,328,1003,475
291,6,782,344,858,591
291,10,956,327,1003,474
292,6,782,345,857,590
292,10,956,326,1002,477
293,6,782,345,859,588
293,10,956,326,1002,477
294,6,782,344,860,585
294,10,956,325,1002,477
295,6,782,344,860,581
295,10,955,324,1001,478
296,6,782,343,861,579
296,10,955,324,1000,477
297,6,783,342,861,576
297,10,955,323,1000,478
298,6,782,342,861,575
298,10,955,323,999,477
299,6,782,342,860,573
299,10,955,322,1000,478
300,6,782,342,860,573
300,10,955,322,1001,479
301,6,782,341,860,574
301,10,955,322,1001,478
302,6,782,341,861,574
302,10,956,323,1001,478
303,6,783,342,861,574
303,10,957,323,1001,478
304,6,783,343,861,574
304,10,957,323,1002,478
305,6,784,344,861,574
305,10,958,323,1003,478
306,6,784,344,861,574
306,10,958,323,1003,478
307,6,784,342,861,572
307,10,959,324,1004,477
308,6,785,341,861,569
308,10,959,324,1005,477
309,6,785,341,861,568
309,10,959,324,1005,477
310,6,785,340,862,568
310,10,959,324,1005,477
311,6,784,339,863,563
311,10,959,324,1005,477
312,6,785,338,864,558
312,10,959,324,1005,477
313,6,786,338,864,556
313,10,958,324,1005,477
314,6,786,337,866,555
314,10,958,324,1005,477
315,6,787,337,867,554
315,10,958,324,1004,477
316,6,787,337,868,552
316,10,958,324,1004,477
317,6,788,337,868,551
317,10,958,324,1003,477
318,6,790,335,868,551
318,10,958,324,1003,477
319,6,792,335,867,551
319,10,958,323,1002,477
320,6,793,335,868,551
320,10,958,323,1002,477
321,6,795,336,868,551
321,10,958,323,1002,478
322,6,796,337,869,551
322,10,958,323,1002,478
323,6,801,338,869,549
323,10,958,323,1002,477
324,6,804,337,870,548
324,10,957,324,1001,477
325,6,805,335,872,548
325,10,957,323,1001,477
326,6,806,335,875,547
326,10,957,323,1001,477
327,6,810,334,877,545
327,10,956,325,1001,474
328,6,812,333,879,542
328,10,956,325,1002,473
329,6,814,333,880,541
329,10,955,325,1003,473
330,6,815,334,883,539
330,10,955,324,1004,474
331,6,819,334,885,540
331,10,955,325,1006,475
332,6,821,334,887,540
332,10,955,325,1007,477
333,6,823,334,888,540
333,10,955,324,1008,476
334,6,824,334,889,540
334,10,955,323,1008,475
335,6,827,335,890,538
335,10,956,324,1008,475
336,6,829,334,890,537
336,10,956,322,1008,475
337,6,830,335,892,535
337,10,957,324,1009,476
338,6,831,336,892,532
338,10,957,323,1010,476
339,6,831,336,893,531
339,10,958,323,1012,476
340,6,831,336,895,532
340,10,959,324,1013,476
341,6,832,336,895,534
341,10,960,325,1013,475
342,6,832,336,895,533
342,10,960,323,1014,475
343,6,833,336,896,533
343,10,963,324,1015,476
344,6,833,336,897,533
344,10,964,326,1018,476
345,6,834,335,899,532
345,10,965,324,1018,476
346,6,834,334,899,530
346,10,966,323,1019,476
347,6,842,334,900,528
347,10,969,325,1022,475
348,6,845,334,902,528
348,10,971,327,1023,475
349,6,848,335,904,527
349,10,971,327,1024,475
350,6,852,335,907,526
350,10,972,327,1026,475
351,6,854,335,913,525
351,10,973,327,1027,475
352,6,854,336,917,525
352,10,973,329,1029,475
353,6,856,336,923,525
353,10,973,329,1031,475
354,6,857,336,931,525
354,10,975,328,1033,476
355,6,860,337,937,526
355,10,979,330,1031,475
356,6,863,337,937,526
356,10,982,330,1035,474
357,6,863,335,939,526
357,10,984,328,1037,473
358,6,863,334,939,525
358,10,985,328,1040,475
359,6,863,335,939,525
359,10,989,328,1044,474
360,6,864,335,938,524
360,10,991,328,1046,474
361,6,865,335,939,525
361,10,992,328,1046,474
362,6,868,334,940,524
362,10,994,327,1047,474
363,6,880,335,941,522
363,10,995,327,1049,471
364,6,884,335,942,520
364,10,996,328,1051,470
365,6,888,335,943,519
365,10,998,328,1052,472
366,6,896,336,947,520
366,10,1001,331,1055,474
367,6,900,337,949,518
367,10,1002,332,1056,475
368,6,902,336,951,518
368,10,1005,332,1056,474
369,6,903,336,954,519
369,10,1007,333,1055,474
370,6,905,336,965,518
370,10,1009,334,1055,475
371,6,907,337,972,519
371,10,1010,335,1057,475
372,6,908,337,977,519
372,10,1011,335,1056,475
373,6,909,337,982,520
373,10,1012,335,1056,476
374,6,910,337,987,521
374,10,1013,333,1056,478
375,6,910,338,990,520
375,10,1014,331,1056,478
376,6,910,340,991,519
376,10,1015,332,1057,479
377,6,910,338,991,519
377,10,1015,332,1058,480
378,6,912,336,990,519
378,10,1016,332,1059,480
379,6,924,336,986,518
379,10,1016,332,1060,481
380,6,922,334,988,519
380,10,1018,331,1062,482
381,6,931,335,991,515
381,10,1019,330,1063,484
382,6,939,334,996,514
382,10,1019,331,1066,487
383,6,946,333,1001,512
383,10,1020,330,1068,488
384,6,950,332,1004,514
384,10,1018,329,1070,488
385,6,953,332,1006,517
385,10,1018,328,1070,489
386,6,955,334,1009,519
386,10,1022,329,1070,489
387,6,956,334,1012,519
387,10,1024,329,1071,489
388,6,958,335,1015,519
388,10,1025,329,1073,489
389,6,959,335,1023,521
389,10,1026,328,1074,487
390,6,959,337,1031,525
390,10,1028,328,1075,487
391,6,960,338,1034,526
391,10,1029,328,1075,487
392,6,960,338,1037,526
392,10,1029,328,1075,487
393,6,960,338,1039,527
393,10,1029,327,1075,489
394,6,961,338,1040,526
394,10,1029,328,1075,490
395,6,962,338,1041,526
395,10,1029,328,1075,491
396,6,965,337,1042,526
396,10,1029,329,1075,494
397,6,973,336,1043,527
397,10,1029,328,1074,491
398,6,975,333,1051,525
398,10,1029,332,1072,491
399,6,983,331,1061,523
399,10,,,,
400,6,990,331,1063,522
400,10,,,,
401,6,996,332,1062,519
401,10,,,,
402,6,1002,333,1060,521
402,10,,,,
403,6,1006,334,1060,525
403,10,,,,
404,6,1008,333,1061,525
404,10,,,,
405,6,1009,332,1066,525
405,10,,,,
406,6,1008,333,1075,527
406,10,,,,
407,6,1008,333,1084,529
407,10,,,,
408,6,1005,334,1089,529
408,10,,,,
409,6,1005,334,1092,529
409,10,,,,
410,6,1012,333,1094,530
410,10,,,,
411,6,1013,334,1096,530
411,10,,,,
412,6,1016,334,1095,530
412,10,,,,
413,6,1014,333,1093,530
413,10,,,,
414,6,1014,334,1095,531
414,10,997,331,1042,507
415,6,1015,333,1097,532
415,10,1035,334,1092,529
416,6,1021,333,1098,534
416,10,993,332,1043,500
417,6,992,334,1042,499
417,10,1033,335,1097,530
418,6,992,333,1041,499
418,10,1041,336,1103,528
419,6,991,334,1039,500
419,10,1046,336,1111,531
420,6,991,334,1038,501
420,10,1050,334,1117,532
421,6,989,335,1035,501
421,10,1054,333,1125,535
422,6,987,334,1035,501
422,10,1058,332,1131,538
423,6,984,334,1034,501
423,10,1060,333,1132,538
424,6,982,334,1034,502
424,10,1063,336,1129,540
425,6,982,334,1033,502
425,10,1065,337,1133,542
426,6,980,335,1032,503
426,10,1067,335,1141,544
427,6,978,335,1032,503
427,10,1067,335,1144,545
428,6,975,334,1030,503
428,10,1066,336,1144,545
429,6,973,334,1029,504
429,10,1067,336,1144,545
430,6,971,333,1027,505
430,10,1067,335,1144,545
431,6,969,330,1025,505
431,10,1067,336,1145,545
432,6,969,331,1025,505
432,10,1068,338,1146,545
433,6,968,329,1023,505
433,10,1071,339,1147,543
434,6,967,331,1021,506
434,10,1079,338,1149,543
435,6,966,331,1020,505
435,10,1084,337,1151,543
436,6,966,331,1018,504
436,10,1089,335,1151,543
437,6,965,332,1017,504
437,10,1093,335,1153,543
438,6,964,330,1017,504
438,10,1096,336,1153,544
439,6,962,331,1017,504
439,10,1097,337,1156,542
440,6,961,332,1017,504
440,10,1098,337,1158,543
441,6,960,332,1017,504
441,10,1098,337,1159,543
442,6,960,333,1015,505
442,10,1099,337,1164,545
443,6,960,334,1014,504
443,10,1100,337,1164,547
444,6,960,334,1013,504
444,10,1100,336,1165,547
445,6,960,335,1013,504
445,10,1100,336,1167,548
446,6,959,335,1012,504
446,10,1101,335,1170,547
447,6,959,334,1011,504
447,10,1101,335,1172,546
448,6,960,334,1011,503
448,10,1102,334,1174,547
449,6,960,335,1011,503
449,10,1102,334,1175,546
450,6,961,334,1011,504
450,10,1102,335,1175,545
451,6,962,334,1011,504
451,10,1101,335,1175,544
452,6,964,334,1010,503
452,10,1101,335,1175,544
453,6,965,334,1011,503
453,10,1101,334,1175,543
454,6,966,333,1011,503
454,10,1100,334,1174,542
455,6,966,332,1012,503
455,10,1100,333,1173,542
456,6,966,331,1012,503
456,10,1100,333,1173,541
457,6,966,331,1012,503
457,10,1100,333,1171,541
458,6,966,331,1012,503
458,10,1100,332,1167,542
459,6,966,331,1012,503
459,10,1100,332,1165,542
460,6,966,331,1012,503
460,10,1100,333,1165,542
461,6,966,330,1012,503
461,10,1099,333,1163,540
462,6,965,330,1012,503
462,10,1097,334,1161,537
463,6,965,330,1012,503
463,10,1094,334,1159,535
464,6,965,330,1012,503
464,10,1092,335,1158,535
465,6,965,330,1013,503
465,10,1091,335,1157,534
466,6,965,330,1013,503
466,10,1088,336,1155,533
467,6,965,330,1013,503
467,10,1086,336,1155,532
468,6,965,330,1014,503
468,10,1084,335,1154,533
469,6,965,331,1014,503
469,10,1081,335,1154,532
470,6,965,331,1014,503
470,10,1080,334,1151,531
471,6,965,331,1014,503
471,10,1079,333,1148,529
472,6,965,331,1014,503
472,10,1078,333,1147,528
473,6,965,331,1014,503
473,10,1078,333,1144,527
474,6,965,331,1014,503
474,10,1078,333,1140,526
475,6,965,332,1014,502
475,10,1078,334,1139,526
476,6,965,332,1014,502
476,10,1080,333,1137,524
477,6,965,332,1014,502
477,10,1078,332,1136,524
478,6,965,332,1014,502
478,10,1066,334,1135,523
479,6,964,332,1014,502
479,10,1060,333,1134,523
480,6,964,332,1015,502
480,10,1053,335,1134,524
481,6,964,332,1015,502
481,10,1050,335,1133,522
482,6,964,331,1015,503
482,10,1049,333,1131,523
483,6,965,331,1015,503
483,10,1049,331,1130,524
484,6,965,331,1015,503
484,10,1047,331,1128,525
485,6,965,331,1015,502
485,10,1046,332,1127,525
486,6,965,331,1015,502
486,10,1045,331,1125,524
487,6,965,331,1015,503
487,10,1049,331,1123,523
488,6,965,331,1015,503
488,10,1049,331,1121,523
489,6,965,331,1015,503
489,10,1046,330,1118,523
490,6,966,330,1015,503
490,10,1039,328,1111,519
491,6,966,330,1015,504
491,10,1037,328,1104,519
492,6,965,331,1015,503
492,10,1032,328,1098,518
493,6,965,331,1015,503
493,10,1030,328,1094,517
494,6,966,331,1015,503
494,10,1029,328,1089,517
495,6,966,330,1015,503
495,10,1026,328,1085,517
496,6,966,330,1015,503
496,10,1023,328,1082,517
497,6,966,330,1016,503
497,10,1023,328,1080,517
498,6,965,330,1015,504
498,10,1014,331,1079,517
499,6,965,330,1014,504
499,10,1009,332,1077,516
500,6,965,331,1014,504
500,10,1007,332,1077,517
501,6,965,330,1014,505
501,10,1003,331,1077,517
502,6,965,330,1014,505
502,10,996,331,1076,517
503,6,965,329,1014,505
503,10,995,333,1076,518
504,6,965,329,1016,505
504,10,998,334,1077,519
505,6,965,328,1015,506
505,10,996,332,1077,518
506,6,965,329,1014,507
506,10,1001,335,1071,518
507,6,965,330,1013,506
507,10,1003,333,1054,512
508,6,966,331,1013,505
508,10,998,331,1051,511
509,6,966,331,1014,504
509,10,999,330,1048,511
510,6,966,331,1017,506
510,10,997,331,1045,512
511,6,966,331,1013,505
511,10,982,329,1041,512
512,6,965,331,1011,505
512,10,971,327,1036,514
513,6,965,332,1013,507
513,10,966,329,1032,513
514,10,963,329,1029,513
515,10,962,328,1027,513
515,6,,,,
516,10,961,328,1025,513
516,6,,,,
517,10,959,329,1024,513
517,6,,,,
518,10,953,330,1023,512
518,6,,,,
519,10,950,331,1022,511
519,6,,,,
520,10,950,331,1021,513
520,6,,,,
521,10,949,329,1021,513
521,6,,,,
522,10,947,329,1020,512
522,6,,,,
523,10,946,330,1020,513
523,6,,,,
524,10,944,328,1020,515
524,6,,,,
525,10,945,327,1019,513
525,6,,,,
526,10,944,328,1015,512
526,6,,,,
527,10,943,329,1013,511
527,6,,,,
528,10,942,329,1012,510
528,6,,,,
529,10,942,329,1011,509
529,6,,,,
530,10,942,330,1008,508
530,6,958,329,1014,505
531,10,940,331,1005,508
531,6,960,330,1014,504
532,10,933,331,984,509
532,6,963,330,1014,504
533,10,927,331,975,510
533,6,964,330,1014,502
534,10,920,330,972,511
534,6,966,330,1014,502
535,10,911,329,970,511
535,6,965,329,1014,502
536,10,904,329,969,511
536,6,966,330,1014,504
537,10,899,331,969,512
537,6,965,332,1014,505
538,10,895,331,969,513
538,6,965,331,1014,505
539,10,895,331,968,513
539,6,966,331,1014,503
540,10,894,331,968,514
540,6,966,331,1014,503
541,10,893,331,966,514
541,6,967,332,1014,504
542,10,893,329,965,515
542,6,905,328,954,512
543,10,895,330,964,514
543,6,902,329,951,510
544,10,899,329,951,500
544,6,901,329,956,510
545,10,965,331,1013,503
545,6,898,328,953,511
546,10,965,331,1013,503
546,6,896,329,952,510
547,10,965,331,1013,503
547,6,894,331,947,510
548,10,965,331,1013,503
548,6,892,330,942,510
549,10,964,331,1013,504
549,6,889,332,936,511
550,10,964,331,1013,503
550,6,887,332,933,510
551,10,964,332,1013,503
551,6,885,330,931,509
552,10,964,332,1013,503
552,6,882,329,930,509
553,10,964,331,1013,503
553,6,871,328,928,511
554,10,964,331,1013,504
554,6,861,329,927,511
555,10,964,331,1013,504
555,6,854,329,927,511
556,10,964,331,1013,504
556,6,851,331,927,511
557,10,965,331,1013,504
557,6,851,330,925,513
558,10,965,330,1013,503
558,6,853,330,924,514
559,10,965,331,1012,503
559,6,853,331,923,512
560,10,965,331,1012,503
560,6,856,331,923,513
561,10,965,330,1012,503
561,6,856,331,922,513
562,10,965,330,1012,503
562,6,856,327,921,512
563,10,965,330,1012,503
563,6,856,327,921,512
564,10,965,330,1012,504
564,6,853,326,920,513
565,10,965,330,1012,503
565,6,849,327,917,514
566,10,966,330,1012,504
566,6,846,325,914,514
567,10,966,330,1012,504
567,6,843,327,909,512
568,10,966,330,1012,504
568,6,843,328,905,511
569,10,966,330,1011,503
569,6,842,329,902,512
570,10,966,330,1011,503
570,6,837,329,900,512
571,10,966,330,1011,503
571,6,838,329,900,512
572,10,966,330,1011,503
572,6,838,329,900,512
573,10,966,330,1011,503
573,6,835,329,901,512
574,10,966,330,1011,503
574,6,833,329,901,511
575,10,966,330,1011,503
575,6,832,329,902,511
576,10,966,330,1011,503
576,6,833,328,904,511
577,10,966,330,1011,503
577,6,833,328,905,511
578,10,966,330,1011,503
578,6,834,328,906,510
579,10,966,330,1011,503
579,6,836,329,907,510
580,10,966,330,1011,503
580,6,838,328,908,510
581,10,966,330,1011,503
581,6,841,328,908,508
582,10,966,330,1011,503
582,6,844,329,908,507
583,10,966,330,1011,503
583,6,845,329,908,506
584,10,966,330,1011,503
584,6,846,328,909,505
585,10,966,330,1011,503
585,6,849,328,908,503
586,10,966,330,1011,503
586,6,851,328,908,503
587,10,966,330,1011,503
587,6,852,328,908,502
588,10,966,330,1011,503
588,6,852,328,909,502
589,10,966,330,1011,503
589,6,857,327,909,501
590,10,966,330,1011,503
590,6,859,326,910,500
591,10,965,330,1011,503
591,6,861,326,910,501
592,10,966,330,1011,503
592,6,863,325,910,500
593,10,965,330,1011,502
593,6,865,325,909,498
594,10,965,330,1011,502
594,6,866,326,910,498
595,10,965,330,1011,503
595,6,867,326,910,499
596,10,964,330,1011,503
596,6,867,326,911,500
597,10,964,330,1011,503
597,6,868,326,911,502
598,10,963,330,1011,502
598,6,869,327,911,502
599,10,963,330,1011,502
599,6,870,327,912,502
600,10,963,330,1011,503
600,6,870,328,913,501
601,10,962,329,1012,503
601,6,871,327,914,502
602,10,962,330,1011,503
602,6,871,327,915,502
603,10,963,330,1011,503
603,6,872,326,916,501
604,10,963,330,1011,503
604,6,873,325,918,499
605,10,964,330,1011,503
605,6,875,324,920,497
606,10,963,329,1012,503
606,6,876,323,922,496
607,10,963,330,1011,503
607,6,878,324,924,494
608,10,963,331,1010,502
608,6,878,325,925,493
609,10,962,330,1011,503
609,6,880,325,928,493
610,10,961,330,1011,503
610,6,883,325,929,492
611,10,960,330,1011,503
611,6,884,324,931,491
612,10,959,329,1011,503
612,6,885,324,934,491
613,10,958,329,1012,503
613,6,886,324,941,492
614,10,958,330,1011,502
614,6,887,324,945,492
615,10,958,331,1011,502
615,6,888,324,948,492
616,10,958,331,1010,502
616,6,889,324,949,492
617,10,959,332,1010,502
617,6,891,324,949,492
618,10,960,332,1010,501
618,6,892,325,948,492
619,10,961,332,1010,502
619,6,892,324,948,492
620,10,961,332,1010,502
620,6,893,324,948,492
621,10,962,331,1010,501
621,6,894,325,949,492
622,10,963,330,1010,501
622,6,894,326,949,492
623,10,963,330,1009,501
623,6,894,328,949,492
624,10,964,330,1009,501
624,6,895,328,949,493
625,10,964,331,1009,501
625,6,899,327,950,492
626,10,964,331,1009,502
626,6,906,326,949,490
627,10,965,331,1009,502
627,6,910,325,952,488
628,10,964,331,1009,502
628,6,911,323,955,492
629,10,964,332,1009,502
629,6,916,323,960,492
630,10,965,333,1009,502
630,6,917,323,963,492
631,10,964,333,1009,502
631,6,919,324,964,490
632,10,964,333,1010,502
632,6,922,325,966,490
633,10,964,333,1010,501
633,6,924,326,969,492
634,10,964,333,1010,500
634,6,926,327,972,492
635,10,963,333,1009,501
635,6,927,329,971,493
636,10,963,334,1010,500
636,6,929,329,972,493
637,10,963,334,1010,500
637,6,931,327,971,493
638,10,962,334,1010,500
638,6,934,327,972,493
639,10,962,334,1010,500
639,6,934,328,972,493
640,10,961,334,1010,500
640,6,936,330,973,493
641,10,959,331,1010,500
641,6,933,329,974,494
642,10,954,328,1010,500
642,6,932,326,995,497
643,10,951,327,1010,500
643,6,931,325,999,497
644,6,948,325,1010,501
644,10,,,,
645,6,949,323,1010,501
645,10,,,,
646,6,952,322,1010,502
646,10,,,,
647,6,953,322,1010,502
647,10,,,,
648,6,954,322,1009,502
648,10,,,,
649,6,955,321,1009,501
649,10,,,,
650,6,957,320,1009,501
650,10,,,,
651,6,959,321,1010,501
651,10,,,,
652,6,961,321,1010,502
652,10,,,,
653,6,962,321,1012,502
653,10,,,,
654,6,964,322,1012,503
654,10,,,,
655,6,964,322,1013,502
655,10,,,,
656,6,963,321,1016,501
656,10,,,,
657,6,962,323,1025,500
657,10,,,,
658,6,963,323,1018,501
658,10,,,,
659,6,963,323,1022,502
659,10,,,,
660,6,964,324,1018,502
660,10,,,,
661,6,963,327,1017,502
661,10,,,,
662,6,963,328,1019,502
662,10,,,,
663,6,964,330,1019,502
663,10,,,,
664,6,964,331,1019,501
664,10,,,,
665,6,965,332,1017,501
665,10,,,,
666,6,965,332,1015,501
666,10,,,,
667,6,966,333,1015,502
667,10,,,,
668,6,965,335,1015,502
668,10,,,,
669,10,966,336,1015,502
669,6,1003,327,1045,491
670,10,965,337,1016,503
670,6,1006,328,1046,491
671,10,965,335,1015,503
671,6,1010,328,1048,493
672,10,965,334,1016,504
672,6,1012,327,1049,494
673,10,966,332,1016,503
673,6,1013,327,1053,494
674,10,966,330,1018,503
674,6,1014,328,1058,494
675,10,966,329,1017,503
675,6,1013,327,1062,495
676,10,966,329,1015,502
676,6,1014,327,1068,495
677,10,965,329,1014,502
677,6,1014,325,1072,494
678,10,965,329,1014,502
678,6,1014,324,1076,493
679,10,966,329,1015,502
679,6,1015,330,1078,493
680,10,966,330,1015,503
680,6,1016,334,1078,493
681,10,967,330,1015,503
681,6,1018,329,1079,494
682,10,967,329,1015,503
682,6,1019,327,1081,493
683,10,967,329,1015,503
683,6,1018,325,1082,494
684,10,967,329,1015,503
684,6,1017,324,1082,494
685,10,967,329,1014,503
685,6,1019,324,1080,493
686,10,967,329,1014,503
686,6,1020,324,1079,493
687,10,967,329,1014,504
687,6,1022,324,1079,493
688,10,967,329,1014,504
688,6,1024,325,1081,493
689,10,967,329,1015,504
689,6,1026,328,1085,493
690,10,967,329,1015,504
690,6,1029,327,1088,493
691,10,967,329,1016,503
691,6,1033,327,1091,492
692,10,967,329,1016,503
692,6,1035,328,1092,491
693,10,967,329,1017,503
693,6,1042,326,1098,492
694,10,967,329,1017,503
694,6,1047,324,1100,492
695,10,967,329,1017,503
695,6,1050,323,1101,493
696,10,967,329,1016,503
696,6,1052,323,1103,494
697,10,967,329,1016,503
697,6,1055,322,1103,494
698,10,967,329,1016,503
698,6,1056,323,1105,494
699,10,967,329,1016,503
699,6,1057,323,1109,495
700,10,967,329,1016,503
700,6,1058,323,1113,494
701,10,967,329,1016,503
701,6,1058,325,1117,496
702,10,967,330,1016,503
702,6,1059,326,1118,496
703,10,967,330,1016,503
703,6,1059,326,1119,496
704,10,966,330,1016,503
704,6,1059,326,1120,497
705,10,966,330,1016,503
705,6,1058,327,1121,498
706,10,965,330,1016,503
706,6,1058,328,1121,498
707,10,964,330,1016,503
707,6,1059,328,1122,498
708,10,963,331,1016,503
708,6,1060,328,1123,497
709,10,962,331,1016,503
709,6,1062,328,1123,496
710,10,962,331,1016,503
710,6,1067,327,1125,496
711,10,962,331,1017,503
711,6,1071,327,1128,496
712,10,961,332,1018,503
712,6,1077,329,1132,497
713,10,961,332,1019,503
713,6,1081,330,1135,498
714,10,961,332,1019,503
714,6,1083,329,1135,499
715,10,961,332,1019,503
715,6,1084,329,1136,499
716,10,961,332,1019,503
716,6,1086,329,1138,498
717,10,961,332,1019,503
717,6,1086,329,1140,498
718,10,961,332,1019,503
718,6,1086,329,1143,498
719,10,962,331,1018,504
719,6,1087,329,1147,499
720,10,962,331,1018,505
720,6,1088,329,1149,500
721,10,963,331,1018,505
721,6,1089,329,1151,501
722,10,963,331,1018,505
722,6,1091,328,1153,503
723,10,963,331,1018,505
723,6,1092,328,1154,503
724,10,963,331,1017,505
724,6,1091,329,1155,506
725,10,963,331,1017,505
725,6,1091,330,1155,507
726,10,963,331,1018,505
726,6,1091,332,1157,506
727,10,963,330,1018,505
727,6,1091,331,1157,505
728,10,963,330,1018,505
728,6,1092,332,1159,506
729,10,963,330,1018,505
729,6,1092,331,1161,506
730,10,962,331,1018,504
730,6,1093,330,1163,505
731,10,961,331,1019,503
731,6,1094,329,1164,505
732,10,960,331,1018,504
732,6,1097,328,1167,506
733,10,961,331,1018,503
733,6,1100,328,1170,506
734,10,962,331,1018,503
734,6,1101,327,1171,507
735,10,964,331,1018,503
735,6,1103,328,1172,507
736,10,965,330,1017,504
736,6,1106,328,1173,508
737,10,966,331,1017,504
737,6,1108,329,1173,509
738,10,966,331,1017,504
738,6,1109,329,1173,510
739,10,967,331,1017,503
739,6,1110,329,1174,512
740,10,967,331,1017,503
740,6,1111,328,1174,514
741,10,967,331,1017,503
741,6,1110,328,1174,515
742,10,967,331,1017,503
742,6,1110,328,1174,515
743,10,967,331,1017,503
743,6,1109,329,1173,517
744,10,967,331,1017,503
744,6,1108,329,1172,519
745,10,967,331,1017,503
745,6,1107,330,1172,519
746,10,966,331,1017,503
746,6,1106,331,1171,521
747,10,966,331,1016,503
747,6,1105,331,1170,522
748,10,966,331,1016,503
748,6,1103,332,1170,523
749,10,966,330,1016,503
749,6,1103,332,1170,523
750,10,966,330,1016,503
750,6,1102,331,1169,523
751,10,966,330,1016,503
751,6,1102,333,1169,522
752,10,966,330,1017,503
752,6,1101,333,1169,522
753,10,966,330,1017,503
753,6,1100,333,1170,522
754,10,966,330,1017,503
754,6,1101,333,1170,522
755,10,966,330,1017,503
755,6,1101,333,1169,523
756,10,966,330,1017,503
756,6,1101,333,1170,524
757,10,966,330,1016,503
757,6,1101,333,1171,525
758,10,966,330,1016,503
758,6,1101,333,1171,526
759,10,966,330,1016,503
759,6,1101,333,1171,527
760,10,966,330,1016,503
760,6,1101,332,1171,527
761,10,966,330,1016,503
761,6,1102,332,1172,529
762,10,966,330,1016,503
762,6,1103,332,1172,530
763,10,966,330,1016,503
763,6,1103,333,1172,531
764,10,966,330,1016,503
764,6,1104,335,1172,532
765,10,966,330,1016,503
765,6,1104,336,1172,532
766,10,966,330,1016,503
766,6,1105,336,1172,533
767,10,966,330,1016,503
767,6,1105,335,1173,534
768,10,966,330,1016,503
768,6,1105,335,1174,534
769,10,966,331,1016,503
769,6,1104,335,1175,534
770,10,966,331,1016,503
770,6,1102,335,1175,535
771,10,966,331,1016,503
771,6,1102,335,1177,535
772,10,966,331,1016,503
772,6,1102,335,1178,534
773,10,966,331,1016,503
773,6,1102,335,1178,535
774,10,966,330,1016,503
774,6,1103,335,1179,536
775,10,966,330,1016,503
775,6,1104,335,1179,537
776,10,966,330,1016,503
776,6,1104,335,1179,537
777,10,966,330,1016,503
777,6,1105,335,1179,537
778,10,966,330,1016,503
778,6,1106,335,1180,537
779,10,966,330,1016,503
779,6,1108,335,1180,538
780,10,966,330,1016,503
780,6,1109,335,1180,539
781,10,966,330,1016,503
781,6,1110,335,1180,541
782,10,966,330,1016,503
782,6,1109,336,1180,543
783,10,966,330,1016,503
783,6,1109,336,1180,544
784,10,966,330,1016,503
784,6,1108,337,1180,545
785,10,966,330,1016,503
785,6,1106,338,1180,546
786,10,966,330,1016,503
786,6,1105,339,1179,547
787,10,966,330,1016,503
787,6,1104,339,1179,549
788,10,966,330,1016,503
788,6,1103,338,1178,549
789,10,966,330,1016,503
789,6,1102,338,1178,550
790,10,966,331,1016,503
790,6,1101,338,1177,550
791,10,966,331,1016,503
791,6,1102,337,1177,552
792,10,966,331,1016,503
792,6,1102,335,1178,552
793,10,966,331,1016,503
793,6,1102,334,1179,552
794,10,966,331,1016,503
794,6,1102,334,1178,552
795,10,966,331,1016,503
795,6,1102,334,1178,552
796,10,966,331,1016,503
796,6,1102,335,1177,552
797,10,967,331,1016,503
797,6,1102,336,1177,552
798,10,967,330,1016,503
798,6,1102,336,1176,552
799,10,967,330,1015,503
799,6,1102,336,1176,553
800,10,967,330,1015,503
800,6,1102,335,1176,555
801,10,967,330,1015,503
801,6,1102,335,1175,556
802,10,967,330,1015,503
802,6,1102,336,1175,557
803,10,967,330,1015,503
803,6,1101,337,1175,558
804,10,966,330,1015,503
804,6,1102,339,1175,560
805,10,966,330,1015,502
805,6,1102,339,1176,562
806,10,966,330,1015,502
806,6,1102,338,1177,563
807,10,966,330,1015,502
807,6,1102,341,1178,563
808,10,966,330,1015,503
808,6,1102,343,1180,565
809,10,966,330,1015,503
809,6,1102,343,1180,566
810,10,966,330,1015,503
810,6,1102,344,1182,567
811,10,966,330,1015,502
811,6,1102,342,1183,568
812,10,966,330,1015,502
812,6,1102,340,1187,567
813,10,966,330,1015,502
813,6,1103,339,1189,567
814,10,966,330,1015,502
814,6,1103,338,1190,567
815,10,966,330,1015,502
815,6,1103,338,1190,566
816,10,966,330,1015,502
816,6,1104,338,1192,566
817,10,966,330,1014,502
817,6,1105,338,1193,566
818,10,966,330,1014,502
818,6,1107,338,1192,566
819,10,966,330,1014,502
819,6,1107,338,1192,566
820,10,966,330,1014,502
820,6,1108,338,1191,567
821,10,966,330,1014,502
821,6,1109,338,1192,567
822,10,966,330,1014,503
822,6,1110,339,1192,569
823,10,966,330,1014,503
823,6,1111,339,1191,570
824,10,965,330,1014,503
824,6,1111,340,1190,573
825,10,965,330,1014,503
825,6,1111,341,1190,574
826,10,965,331,1014,503
826,6,1110,341,1189,576
827,10,965,331,1014,503
827,6,1109,342,1189,577
828,10,965,331,1015,503
828,6,1109,342,1190,580
829,10,965,331,1015,503
829,6,1108,343,1189,582
830,10,965,331,1015,503
830,6,1106,344,1189,581
831,10,965,331,1015,503
831,6,1105,345,1189,583
832,10,965,331,1015,503
832,6,1104,344,1190,584
833,10,965,331,1015,503
833,6,1103,344,1189,583
834,10,965,331,1015,503
834,6,1102,344,1189,584
835,10,965,331,1015,503
835,6,1101,343,1189,584
836,10,965,331,1015,503
836,6,1100,342,1189,584
837,10,965,331,1015,503
837,6,1098,341,1187,583
838,10,965,331,1015,503
838,6,1097,341,1184,584
839,10,965,331,1014,503
839,6,1097,341,1183,584
840,10,965,331,1014,503
840,6,1096,341,1183,584
841,10,965,331,1014,503
841,6,1095,341,1181,584
842,10,965,331,1014,503
842,6,1094,341,1180,585
843,10,965,331,1014,503
843,6,1094,341,1179,587
844,10,965,331,1014,503
844,6,1092,341,1176,589
845,10,965,331,1014,503
845,6,1091,340,1175,591
846,10,965,331,1014,503
846,6,1090,340,1173,594
847,10,965,331,1014,503
847,6,1090,340,1172,595
848,10,965,330,1014,503
848,6,1089,341,1170,597
849,10,965,330,1015,503
849,6,1089,342,1169,598
850,10,965,330,1015,503
850,6,1089,342,1169,597
851,10,965,330,1015,503
851,6,1089,342,1168,594
852,10,965,331,1015,503
852,6,1090,342,1167,596
853,10,966,331,1015,503
853,6,1090,342,1166,597
854,10,966,331,1015,503
854,6,1091,342,1166,597
855,10,966,331,1015,503
855,6,1091,342,1165,597
856,10,966,330,1015,503
856,6,1089,342,1164,598
857,10,966,331,1015,503
857,6,1088,342,1163,598
858,10,966,331,1015,503
858,6,1084,342,1163,599
859,10,966,331,1015,503
859,6,1082,343,1161,599
860,10,966,331,1015,502
860,6,1077,343,1159,600
861,10,967,331,1015,502
861,6,1074,343,1158,600
862,10,967,331,1015,502
862,6,1072,343,1158,600
863,10,967,330,1015,503
863,6,1070,343,1157,600
864,10,967,330,1015,503
864,6,1067,343,1155,597
865,10,967,330,1015,503
865,6,1064,344,1153,596
866,10,967,331,1016,503
866,6,1061,344,1149,597
867,10,966,331,1016,503
867,6,1053,343,1146,597
868,10,966,330,1016,503
868,6,1036,343,1140,597
869,10,966,330,1016,503
869,6,1024,344,1137,596
870,10,966,330,1016,503
870,6,1018,344,1134,596
871,10,966,330,1016,503
871,6,1015,346,1131,596
872,10,966,330,1016,504
872,6,1015,346,1131,597
873,10,966,330,1016,504
873,6,1015,345,1130,598
874,10,966,330,1016,504
874,6,1016,345,1128,599
875,10,966,330,1016,504
875,6,1017,344,1128,599
876,10,966,331,1017,504
876,6,1018,344,1125,600
877,10,966,331,1017,505
877,6,1019,345,1123,600
878,10,966,331,1017,505
878,6,1021,343,1120,600
879,10,966,330,1016,504
879,6,1022,344,1111,597
880,10,966,330,1016,503
880,6,1023,344,1101,595
881,10,966,330,1016,503
881,6,1022,344,1090,595
882,10,965,330,1015,505
882,6,1018,343,1085,594
883,10,965,331,1015,505
883,6,1014,343,1081,595
884,10,965,331,1015,506
884,6,1011,342,1080,598
885,10,965,331,1014,505
885,6,1002,342,1080,599
886,10,965,331,1014,505
886,6,997,343,1079,598
887,10,965,330,1013,504
887,6,987,343,1079,595
888,10,965,330,1012,500
888,6,980,344,1077,592
889,10,965,330,1011,500
889,6,976,344,1075,591
890,10,964,330,1010,500
890,6,973,344,1073,591
891,10,964,332,1008,499
891,6,967,342,1071,592
892,10,965,330,1009,495
892,6,965,341,1069,592
893,10,966,328,1008,493
893,6,963,339,1068,592
894,10,967,328,1006,492
894,6,961,341,1067,592
895,10,967,327,1008,494
895,6,957,341,1065,592
896,10,965,328,1005,492
896,6,952,339,1061,592
897,10,948,337,1058,593
897,6,,,,
898,10,942,335,1056,593
898,6,,,,
899,10,936,336,1054,593
899,6,,,,
900,10,933,338,1053,593
900,6,,,,
901,10,933,339,1051,593
901,6,,,,
902,10,932,339,1049,594
902,6,,,,
903,10,929,337,1039,592
903,6,,,,
904,10,925,336,1031,590
904,6,,,,
905,10,921,336,1024,590
905,6,,,,
906,10,917,335,1017,593
906,6,,,,
907,10,905,337,1011,593
907,6,,,,
908,10,897,338,1008,594
908,6,,,,
909,10,890,340,1007,595
909,6,,,,
910,10,879,342,1006,595
910,6,,,,
911,10,882,342,1002,595
911,6,973,331,1016,501
912,10,873,343,999,595
912,6,972,330,1019,501
913,10,878,343,999,595
913,6,968,332,1019,500
914,10,872,343,1002,595
914,6,967,332,1019,500
915,10,869,342,998,595
915,6,968,332,1017,499
916,10,869,341,999,595
916,6,972,328,1015,500
917,10,871,340,997,595
917,6,973,329,1016,500
918,10,879,340,996,595
918,6,973,328,1016,501
919,10,872,338,994,595
919,6,973,329,1017,501
920,10,870,339,993,595
920,6,972,328,1019,502
921,10,863,338,993,595
921,6,972,328,1021,502
922,10,861,338,995,595
922,6,972,328,1021,502
923,10,862,337,997,595
923,6,971,327,1023,502
924,10,865,335,1001,595
924,6,970,327,1023,502
925,10,874,333,1001,595
925,6,971,328,1019,502
926,10,874,329,1001,595
926,6,972,329,1015,502
927,10,880,324,998,595
927,6,972,334,1010,503
928,10,887,323,997,596
928,6,972,335,1008,503
929,10,896,327,994,595
929,6,971,336,1008,503
930,10,901,330,992,595
930,6,972,329,1008,503
931,10,904,333,996,596
931,6,969,330,1008,504
932,10,906,335,997,596
932,6,968,331,1008,504
933,10,906,327,998,595
933,6,968,331,1008,503
934,10,906,319,999,595
934,6,969,329,1008,503
935,10,908,318,997,595
935,6,968,329,1008,503
936,10,909,316,996,595
936,6,968,329,1008,503
937,10,909,316,996,595
937,6,969,329,1008,503
938,10,908,317,997,595
938,6,969,329,1008,502
939,10,909,318,997,595
939,6,969,330,1008,502
940,10,909,317,997,595
940,6,969,330,1008,502
941,10,909,317,997,595
941,6,970,330,1007,502
942,10,910,318,998,595
942,6,970,330,1007,502
943,10,911,320,999,595
943,6,970,330,1007,502
944,10,911,320,999,595
944,6,970,331,1007,502
945,10,911,320,1000,595
945,6,970,331,1007,502
946,10,911,320,1000,595
946,6,970,331,1007,501
947,10,912,319,1001,595
947,6,970,331,1007,501
948,10,912,318,1001,595
948,6,970,331,1007,501
949,10,912,319,1000,595
949,6,969,331,1007,501
950,10,912,319,1001,595
950,6,969,331,1007,501
951,10,911,319,1000,595
951,6,970,332,1007,501
952,10,911,320,1000,594
952,6,970,332,1007,501
953,10,910,320,1003,595
953,6,970,332,1007,501
954,10,910,321,1004,595
954,6,971,333,1007,501
955,10,907,320,1004,595
955,6,971,335,1007,501
956,10,905,325,1004,595
956,6,971,336,1007,500
957,10,904,326,1005,595
957,6,970,335,1007,500
958,10,903,328,1004,594
958,6,970,334,1006,501
959,10,902,334,1002,595
959,6,969,332,1006,501
960,10,899,337,1002,595
960,6,970,332,1006,501
961,10,902,340,1001,595
961,6,970,334,1007,501
962,10,898,341,1002,595
962,6,969,335,1009,501
963,10,895,342,998,595
963,6,971,336,1008,500
964,10,893,342,1000,596
964,6,969,334,1009,500
965,10,893,342,1000,596
965,6,969,334,1008,501
966,10,895,343,999,596
966,6,969,335,1006,501
967,10,900,343,999,596
967,6,969,335,1006,500
968,10,905,343,1000,596
968,6,969,335,1006,498
969,10,909,342,999,595
969,6,970,335,1005,497
970,10,909,343,999,596
970,6,970,334,1005,497
971,10,909,343,996,596
971,6,971,334,1006,499
972,10,909,342,996,593
972,6,971,334,1006,499
973,10,909,344,997,592
973,6,971,334,1006,499
974,10,910,345,998,591
974,6,971,335,1005,500
975,10,911,345,1000,594
975,6,970,334,1009,494
976,10,913,345,1001,594
976,6,970,335,1010,488
977,10,914,344,1003,593
977,6,972,336,1010,485
978,10,916,343,1006,593
978,6,977,338,1008,496
979,10,922,341,1014,593
979,6,,,,
980,10,925,337,1020,594
980,6,,,,
981,10,928,336,1029,593
981,6,,,,
982,10,930,335,1034,593
982,6,,,,
983,10,933,334,1045,593
983,6,,,,
984,10,934,336,1049,594
984,6,,,,
985,10,934,337,1052,594
985,6,,,,
986,10,933,337,1053,594
986,6,,,,
987,10,933,337,1052,594
987,6,,,,
988,10,935,337,1050,592
988,6,,,,
989,10,936,335,1049,591
989,6,,,,
990,10,938,336,1049,590
990,6,,,,
991,10,948,340,1054,589
991,6,,,,
992,10,956,341,1058,587
992,6,,,,
993,10,965,342,1063,587
993,6,,,,
994,10,974,344,1069,586
994,6,,,,
995,10,986,345,1079,585
995,6,962,330,1007,495
996,10,987,346,1086,586
996,6,961,330,1007,495
997,10,993,344,1090,588
997,6,961,331,1007,499
998,10,998,344,1091,587
998,6,962,332,1008,501
999,10,999,344,1096,585
999,6,963,332,1007,503
1000,10,1003,345,1097,584
1000,6,962,332,1008,504
1001,10,1009,345,1103,584
1001,6,961,332,1009,505
1002,10,1011,344,1106,584
1002,6,961,332,1010,505
1003,10,1013,345,1107,584
1003,6,961,332,1010,505
1004,10,1014,345,1108,583
1004,6,961,332,1009,504
1005,10,1014,345,1110,583
1005,6,961,332,1009,504
1006,10,1018,344,1114,582
1006,6,961,332,1009,504
1007,10,1034,345,1118,577
1007,6,960,332,1009,503
1008,10,1042,346,1120,573
1008,6,960,332,1008,503
1009,10,1045,344,1123,575
1009,6,960,332,1008,503
1010,10,1047,342,1126,576
1010,6,960,332,1008,503
1011,10,1052,343,1129,576
1011,6,960,333,1008,502
1012,10,1054,343,1130,576
1012,6,959,333,1008,502
1013,10,1056,343,1132,575
1013,6,959,333,1008,502
1014,10,1058,343,1134,575
1014,6,960,333,1008,503
1015,10,1060,342,1139,574
1015,6,961,333,1007,503
1016,10,1062,342,1142,573
1016,6,961,333,1007,503
1017,10,1065,342,1144,572
1017,6,961,333,1007,503
1018,10,1066,340,1145,569
1018,6,962,333,1007,502
1019,10,1068,341,1148,570
1019,6,962,333,1008,502
1020,10,1070,342,1150,570
1020,6,962,334,1008,502
1021,10,1073,343,1151,567
1021,6,962,334,1008,502
1022,10,1076,343,1153,566
1022,6,963,333,1008,502
1023,10,1079,341,1157,565
1023,6,964,332,1009,502
1024,10,1080,339,1158,563
1024,6,963,332,1009,502
1025,10,1082,339,1160,562
1025,6,963,332,1009,502
1026,10,1084,337,1163,561
1026,6,963,332,1009,502
1027,10,1087,338,1164,560
1027,6,964,331,1009,502
1028,10,1088,338,1167,560
1028,6,964,331,1009,503
1029,10,1090,338,1167,559
1029,6,964,331,1009,503
1030,10,1090,337,1168,558
1030,6,964,331,1009,503
1031,10,1089,336,1170,558
1031,6,963,331,1010,503
1032,10,1089,335,1172,558
1032,6,962,331,1011,503
1033,10,1089,335,1172,559
1033,6,962,331,1011,503
1034,10,1089,336,1171,559
1034,6,962,331,1011,503
1035,10,1090,336,1170,559
1035,6,963,331,1011,503
1036,10,1090,336,1169,558
1036,6,963,331,1011,503
1037,10,1091,336,1167,558
1037,6,963,331,1011,503
1038,10,1091,335,1164,557
1038,6,964,331,1010,503
1039,10,1092,336,1163,556
1039,6,964,331,1010,503
1040,10,1092,337,1162,552
1040,6,964,330,1010,503
1041,10,1092,337,1161,550
1041,6,964,330,1010,503
1042,10,1092,338,1160,547
1042,6,964,330,1011,503
1043,10,1090,337,1159,546
1043,6,965,330,1011,503
1044,10,1088,336,1158,545
1044,6,965,330,1011,503
1045,10,1085,336,1157,544
1045,6,965,330,1012,503
1046,10,1083,336,1156,542
1046,6,965,331,1012,503
1047,10,1082,335,1155,539
1047,6,965,331,1012,503
1048,10,1081,336,1155,538
1048,6,965,331,1012,503
1049,10,1080,336,1154,538
1049,6,965,331,1012,503
1050,10,1080,337,1151,534
1050,6,965,331,1012,503
1051,10,1079,336,1150,533
1051,6,965,331,1012,503
1052,10,1078,335,1149,532
1052,6,965,331,1012,503
1053,10,1078,335,1144,534
1053,6,965,331,1012,503
1054,10,1076,336,1141,539
1054,6,965,331,1012,503
1055,10,1075,336,1139,539
1055,6,966,331,1012,503
1056,10,1074,334,1138,539
1056,6,966,331,1012,503
1057,10,1073,334,1136,539
1057,6,966,330,1012,503
1058,10,1070,334,1133,536
1058,6,965,330,1012,503
1059,10,1068,333,1132,534
1059,6,965,330,1012,503
1060,10,1066,332,1133,534
1060,6,965,330,1011,503
1061,10,1063,331,1131,534
1061,6,965,330,1011,503
1062,10,1058,331,1124,531
1062,6,965,329,1011,503
1063,10,1055,331,1121,529
1063,6,965,329,1011,503
1064,10,1053,331,1118,530
1064,6,965,329,1011,503
1065,10,1052,330,1116,529
1065,6,965,329,1012,503
1066,10,1050,329,1112,529
1066,6,965,330,1012,503
1067,10,1047,329,1109,529
1067,6,965,330,1012,503
1068,10,1045,328,1108,527
1068,6,965,330,1013,503
1069,10,1039,330,1107,525
1069,6,964,330,1013,503
1070,10,1028,331,1104,526
1070,6,964,330,1014,503
1071,10,1023,332,1102,526
1071,6,965,330,1014,503
1072,10,1021,334,1102,526
1072,6,965,330,1015,503
1073,10,1019,335,1101,526
1073,6,965,330,1015,502
1074,10,1015,336,1100,526
1074,6,965,330,1015,502
1075,10,1018,334,1099,527
1075,6,965,330,1015,503
1076,10,1016,334,1098,525
1076,6,965,330,1015,503
1077,10,1018,334,1097,525
1077,6,966,330,1015,502
1078,10,1015,333,1095,524
1078,6,966,330,1014,502
1079,10,1013,333,1092,524
1079,6,966,330,1014,503
1080,10,1014,334,1088,524
1080,6,966,330,1014,503
1081,10,1012,334,1083,524
1081,6,966,330,1015,504
1082,10,1009,332,1075,523
1082,6,966,329,1015,505
1083,10,1010,331,1069,521
1083,6,966,329,1016,505
1084,10,1008,331,1064,521
1084,6,966,328,1016,505
1085,10,1009,332,1059,521
1085,6,966,328,1016,506
1086,10,1007,332,1057,519
1086,6,965,328,1015,507
1087,10,1006,332,1055,517
1087,6,965,329,1015,507
1088,10,1003,330,1053,518
1088,6,965,335,1012,504
1089,10,1000,335,1051,520
1089,6,966,332,1011,506
1090,10,994,336,1048,520
1090,6,964,331,1010,505
1091,10,992,337,1047,520
1091,6,964,331,1009,505
1092,10,991,338,1047,520
1092,6,962,333,1009,506
1093,10,992,337,1046,520
1093,6,961,335,1009,507
1094,10,990,336,1045,519
1094,6,960,339,1006,507
1095,10,989,335,1044,519
1095,6,960,342,1004,508
1096,10,989,334,1044,520
1096,6,959,340,1003,509
1097,10,986,331,1040,519
1097,6,958,337,1002,510
1098,10,968,330,1037,516
1098,6,958,335,1011,511
1099,10,962,330,1036,516
1099,6,,,,
1100,10,959,330,1035,516
1100,6,,,,
1101,10,957,328,1035,517
1101,6,,,,
1102,10,957,327,1030,516
1102,6,,,,
1103,10,957,327,1028,515
1103,6,,,,
1104,10,957,326,1027,515
1104,6,,,,
1105,10,954,327,1027,515
1105,6,,,,
1106,10,959,326,1027,514
1106,6,,,,
1107,10,962,327,1027,514
1107,6,,,,
1108,10,964,327,1027,514
1108,6,,,,
1109,10,964,327,1030,515
1109,6,,,,
1110,10,964,328,1031,514
1110,6,,,,
1111,10,964,328,1032,514
1111,6,,,,
1112,10,965,328,1032,514
1112,6,,,,
1113,10,965,328,1033,514
1113,6,,,,
1114,10,965,328,1038,514
1114,6,,,,
1115,10,965,328,1040,514
1115,6,,,,
1116,10,965,329,1040,515
1116,6,,,,
1117,10,965,330,1041,515
1117,6,,,,
1118,10,965,331,1041,515
1118,6,,,,
1119,10,965,329,1039,515
1119,6,,,,
1120,10,964,329,1040,517
1120,6,,,,
1121,10,964,330,1040,517
1121,6,,,,
1122,10,963,330,1044,517
1122,6,,,,
1123,10,963,330,1035,518
1123,6,,,,
1124,10,961,330,1027,519
1124,6,,,,
1125,10,960,329,1026,519
1125,6,1017,334,1059,508
1126,10,959,330,1025,519
1126,6,1017,332,1062,511
1127,10,957,329,1026,519
1127,6,1016,332,1064,513
1128,10,957,328,1026,519
1128,6,1017,332,1066,513
1129,10,957,327,1026,519
1129,6,1017,332,1067,513
1130,10,956,327,1024,519
1130,6,1017,331,1070,513
1131,10,955,326,1022,518
1131,6,1016,331,1074,512
1132,10,954,327,1021,518
1132,6,1016,330,1075,512
1133,10,954,327,1021,518
1133,6,1019,333,1075,511
1134,10,954,327,1020,519
1134,6,1022,334,1077,509
1135,10,954,327,1020,520
1135,6,1024,335,1078,508
1136,10,955,327,1021,519
1136,6,1026,334,1081,510
1137,10,956,326,1022,519
1137,6,1029,333,1084,508
1138,10,957,326,1023,519
1138,6,1031,332,1089,508
1139,10,957,326,1024,519
1139,6,1035,330,1093,509
1140,10,957,326,1025,518
1140,6,1035,330,1099,509
1141,10,957,326,1025,518
1141,6,1035,330,1106,510
1142,10,958,326,1026,519
1142,6,1036,330,1115,512
1143,10,959,326,1026,519
1143,6,1037,329,1119,513
1144,10,959,326,1026,519
1144,6,1038,329,1120,513
1145,10,959,327,1026,519
1145,6,1040,332,1119,512
1146,10,959,327,1026,519
1146,6,1042,333,1122,512
1147,10,959,327,1026,519
1147,6,1043,333,1124,511
1148,10,959,327,1025,519
1148,6,1043,333,1125,512
1149,10,959,327,1025,519
1149,6,1045,333,1127,512
1150,10,959,327,1025,520
1150,6,1050,333,1128,513
1151,10,959,327,1024,520
1151,6,1054,333,1131,516
1152,10,959,327,1023,520
1152,6,1057,333,1134,515
1153,10,959,327,1023,520
1153,6,1060,333,1136,515
1154,10,959,327,1023,520
1154,6,1063,334,1138,516
1155,10,959,327,1023,520
1155,6,1068,335,1139,518
1156,10,959,327,1023,520
1156,6,1069,335,1141,522
1157,10,959,327,1023,520
1157,6,1072,336,1141,520
1158,10,959,327,1023,520
1158,6,1078,335,1139,520
1159,10,959,327,1023,520
1159,6,1079,337,1138,519
1160,10,959,327,1023,520
1160,6,1079,338,1139,520
1161,10,958,327,1023,520
1161,6,1079,338,1139,520
1162,10,958,327,1023,519
1162,6,1082,339,1142,521
1163,10,958,327,1023,519
1163,6,1082,338,1147,522
1164,10,958,327,1023,519
1164,6,1084,340,1151,524
1165,10,958,327,1023,519
1165,6,1084,339,1152,526
1166,10,958,327,1023,519
1166,6,1086,338,1152,527
1167,10,958,327,1023,520
1167,6,1086,339,1153,529
1168,10,958,326,1023,520
1168,6,1085,338,1153,529
1169,10,958,326,1023,520
1169,6,1085,338,1154,529
1170,10,958,327,1023,519
1170,6,1086,337,1154,529
1171,10,958,327,1023,519
1171,6,1087,337,1155,530
1172,10,958,327,1023,519
1172,6,1088,339,1157,532
1173,10,958,326,1023,519
1173,6,1091,339,1159,536
1174,10,958,327,1024,519
1174,6,1092,341,1162,537
1175,10,958,327,1024,519
1175,6,1095,342,1162,539
1176,10,958,327,1024,519
1176,6,1095,343,1162,541
1177,10,957,327,1024,519
1177,6,1100,341,1163,540
1178,10,957,327,1024,519
1178,6,1105,339,1165,540
1179,10,958,327,1024,519
1179,6,1107,338,1166,540
1180,10,958,327,1024,519
1180,6,1108,337,1168,540
1181,10,958,327,1024,519
1181,6,1108,337,1171,540
1182,10,958,327,1024,519
1182,6,1108,339,1174,540
1183,10,958,327,1024,519
1183,6,1109,338,1175,540
1184,10,958,327,1023,519
1184,6,1109,338,1176,541
1185,10,958,327,1023,519
1185,6,1110,336,1176,542
1186,10,958,327,1023,519
1186,6,1110,338,1177,544
1187,10,958,327,1023,519
1187,6,1110,339,1178,545
1188,10,958,327,1023,519
1188,6,1111,341,1178,548
1189,10,958,327,1023,519
1189,6,1111,341,1178,550
1190,10,958,327,1023,519
1190,6,1111,343,1177,552
1191,10,958,327,1023,519
1191,6,1111,343,1175,554
1192,10,958,327,1023,519
1192,6,1111,343,1174,555
1193,10,958,327,1023,519
1193,6,1111,343,1174,557
1194,10,958,327,1023,519
1194,6,1110,343,1173,558
1195,10,957,327,1023,519
1195,6,1108,342,1173,558
1196,10,957,327,1023,519
1196,6,1108,341,1173,558
1197,10,957,327,1023,519
1197,6,1108,340,1173,558
1198,10,957,327,1023,519
1198,6,1108,340,1173,557
1199,10,957,327,1023,519
1199,6,1107,340,1173,557
1200,10,957,327,1023,519
1200,6,1106,340,1173,558
1201,10,958,327,1023,519
1201,6,1105,340,1173,560
1202,10,958,327,1023,519
1202,6,1104,342,1172,564
1203,10,958,327,1023,519
1203,6,1104,343,1173,567
1204,10,958,327,1023,518
1204,6,1102,344,1173,569
1205,10,958,327,1023,518
1205,6,1102,345,1173,570
1206,10,958,327,1023,519
1206,6,1101,347,1173,571
1207,10,958,327,1023,519
1207,6,1100,347,1172,572
1208,10,958,327,1023,519
1208,6,1099,348,1171,572
1209,10,958,327,1023,519
1209,6,1099,347,1171,573
1210,10,958,327,1023,519
1210,6,1098,347,1170,572
1211,10,958,327,1023,519
1211,6,1096,346,1165,571
1212,10,958,327,1023,519
1212,6,1094,347,1162,570
1213,10,958,327,1023,519
1213,6,1094,346,1161,569
1214,10,958,326,1023,519
1214,6,1092,345,1159,570
1215,10,958,326,1023,519
1215,6,1091,345,1158,573
1216,10,958,326,1023,519
1216,6,1088,346,1156,574
1217,10,958,326,1023,519
1217,6,1079,346,1159,577
1218,10,958,327,1023,519
1218,6,1072,347,1161,577
1219,10,958,327,1023,519
1219,6,1063,348,1160,576
1220,10,958,327,1023,519
1220,6,1057,349,1157,576
1221,10,958,327,1023,519
1221,6,1056,348,1156,576
1222,10,958,326,1023,519
1222,6,1055,347,1156,576
1223,10,958,326,1023,519
1223,6,1059,346,1151,573
1224,10,958,326,1023,519
1224,6,1057,346,1148,574
1225,10,958,326,1024,519
1225,6,1055,347,1144,576
1226,10,958,327,1024,519
1226,6,1051,347,1139,577
1227,10,958,327,1024,519
1227,6,1048,346,1133,577
1228,10,958,327,1024,519
1228,6,1046,345,1125,576
1229,10,958,327,1023,519
1229,6,1043,346,1116,571
1230,10,958,327,1023,519
1230,6,1042,347,1112,570
1231,10,958,327,1023,519
1231,6,1039,347,1110,569
1232,10,958,327,1023,519
1232,6,1036,347,1113,571
1233,10,958,327,1023,520
1233,6,1026,346,1110,581
1234,10,958,327,1023,520
1234,6,1016,347,1106,583
1235,10,958,327,1023,520
1235,6,1010,346,1103,582
1236,10,958,327,1023,520
1236,6,1005,346,1099,583
1237,10,958,327,1023,520
1237,6,1002,349,1098,583
1238,10,958,327,1023,520
1238,6,999,348,1095,584
1239,10,958,328,1023,520
1239,6,997,348,1092,583
1240,10,958,331,1023,520
1240,6,1000,349,1087,583
1241,10,959,329,1020,520
1241,6,1000,350,1082,583
1242,10,959,328,1020,517
1242,6,998,349,1076,583
1243,10,958,327,1022,525
1243,6,997,353,1069,582
1244,10,958,326,1023,525
1244,6,995,359,1066,582
1245,10,959,324,1021,516
1245,6,990,344,1059,585
1246,10,959,324,1021,513
1246,6,982,338,1058,585
1247,10,960,327,1017,511
1247,6,976,335,1056,585
1248,10,960,328,1018,508
1248,6,967,327,1046,585
1249,6,958,324,1040,585
1249,10,,,,
1250,6,951,324,1042,585
1250,10,,,,
1251,6,943,323,1041,585
1251,10,,,,
1252,6,942,323,1039,585
1252,10,,,,
1253,6,940,324,1035,585
1253,10,,,,
1254,6,940,325,1033,585
1254,10,,,,
1255,6,940,326,1029,584
1255,10,,,,
1256,6,940,324,1027,583
1256,10,,,,
1257,6,937,324,1024,581
1257,10,,,,
1258,6,938,324,1022,577
1258,10,,,,
1259,10,936,326,1016,576
1259,6,956,328,1024,526
1260,10,940,326,1019,566
1260,6,955,328,1024,527
1261,10,927,343,990,574
1261,6,955,326,1024,522
1262,10,915,346,972,572
1262,6,955,328,1024,522
1263,10,911,349,971,574
1263,6,956,327,1023,520
1264,10,901,352,973,575
1264,6,957,326,1023,519
1265,10,886,351,973,575
1265,6,958,327,1023,519
1266,10,878,351,973,575
1266,6,958,327,1023,519
1267,10,876,352,973,575
1267,6,959,327,1023,519
1268,10,875,353,973,574
1268,6,959,326,1023,521
1269,10,876,352,971,573
1269,6,959,326,1023,522
1270,10,876,350,969,573
1270,6,959,326,1024,522
1271,10,877,348,966,574
1271,6,959,326,1024,521
